{"cameraMode":{"drawMode":0,"name":"Shaded","section":"Shading Mode"},"sceneLighting":true,"audioPlay":false,"sceneViewState":{"showFog":true,"showMaterialUpdate":false,"showSkybox":true,"showFlares":true,"showImageEffects":true,"showParticleSystems":true},"in2DMode":false,"pivot":{"x":-0.1342858076095581,"y":-0.22395244240760804,"z":1.7682448625564576},"rotation":{"x":-0.2195829451084137,"y":0.14194779098033906,"z":-0.0323164276778698,"w":-0.9646862745285034},"size":1.3420464992523194,"orthographic":false}